0,Mr,Ojas,Naik,m,ojas.naik@proton.com
1,Miss,Ella,Lee,f,ella.lee@blobmail.com
2,Mrs,Hannah,King,f,hannah.king@bazooka.com
3,Mr,Leroy,Thompson,m,leroy.thompson@proton.com
6,Mr,Miguel,Williamson,m,miguel.williamson@quark.co.nz
7,Mrs,Carol,Steward,f,carol.steward@yippee.com
8,Mr,Deniz,Adan,m,deniz.adan@quark.co.nz
9,Mr,Edwin,Fowler,m,edwin.fowler@blobmail.com
11,Ms,Likera,Pavlovskiy,f,likera.pavlovskiy@gaga.co.uk
13,Mr,Eelis,Korhonen,m,eelis.korhonen@blobmail.com
15,Ms,Viti,Hiremath,f,viti.hiremath@bazooka.com
16,Mr,Olivier,da Costa,m,olivier.dacosta@quark.co.nz
18,Miss,Noelia,Rubio,f,noelia.rubio@bazooka.com
19,Miss,Svenja,Lemaire,f,svenja.lemaire@quark.co.nz
21,Mrs,Lucy,Lopez,f,lucy.lopez@xyz.com
22,Miss,Hildegard,Ehrich,f,hildegard.ehrich@xyz.com
23,Miss,Agripina,Docenko,f,agripina.docenko@yippee.com
25,Mr,Joseph,Stjern,m,joseph.stjern@xyz.com
27,Mr,German,Rubio,m,german.rubio@quark.co.nz
28,Mr,Christoffer,Andersen,m,christoffer.andersen@xyz.com
29,Ms,Ouahiba,Cobben,f,ouahiba.cobben@xyz.com
30,Mrs,Glafira,Yarema,f,glafira.yarema@gaga.co.uk
31,Mr,Noah,Brown,m,noah.brown@yippee.com
32,Mr,Gagan,Kumar,m,gagan.kumar@bazooka.com
33,Mr,Sebastian,Hansen,m,sebastian.hansen@gaga.co.uk
34,Mr,Rick,Cooper,m,rick.cooper@yippee.com
35,Mrs,Carolina,Arevalo,f,carolina.arevalo@yippee.com
36,Mr,Sebastian,Larsen,m,sebastian.larsen@gaga.co.uk
37,Mr,Mikkel,Kristensen,m,mikkel.kristensen@blobmail.com
39,Mr,Magnus,Manthey,m,magnus.manthey@proton.com
41,Mrs,Lotte,Charles,f,lotte.charles@proton.com
42,Ms,Emma,Vidal,f,emma.vidal@blobmail.com
43,Ms,Elisabet,Riese,f,elisabet.riese@quark.co.nz
44,Mr,Joseph,Reyes,m,joseph.reyes@xyz.com
45,Mr,Vedant,Bangera,m,vedant.bangera@blobmail.com
46,Mr,Veer,Manjunath,m,veer.manjunath@yippee.com
48,Mr,Gautam,Kumari,m,gautam.kumari@xyz.com
49,Mrs,Soledad,Escobar,f,soledad.escobar@gaga.co.uk
51,Mrs,Emma,Anttila,f,emma.anttila@gaga.co.uk
52,Mrs,Miroslava,Mostoviy,f,miroslava.mostoviy@bazooka.com
53,Mr,Ottfried,Donner,m,ottfried.donner@yippee.com
54,Mr,Kevin,Fields,m,kevin.fields@yippee.com
55,Mr,Mathias,Larsson,m,mathias.larsson@bazooka.com
56,Miss,Kim,Clark,f,kim.clark@gaga.co.uk
57,Miss,Annamaria,Gerke,f,annamaria.gerke@bazooka.com
58,Mrs,Bibiche,Reekers,f,bibiche.reekers@blobmail.com
60,Ms,Hema,Naik,f,hema.naik@bazooka.com
61,Mrs,Asha,Ramesh,f,asha.ramesh@blobmail.com
62,Mr,Thomas,Reineke,m,thomas.reineke@yippee.com
63,Mr,Luis,Roux,m,luis.roux@gaga.co.uk
64,Mr,Marco,Reyes,m,marco.reyes@blobmail.com
66,Ms,Lou,Nguyen,f,lou.nguyen@xyz.com
68,Ms,Julia,Vidal,f,julia.vidal@xyz.com
69,Mr,Toby,Brown,m,toby.brown@xyz.com
76,Mr,Aatu,Jarvi,m,aatu.jarvi@bazooka.com
77,Miss,Haritina,Zagorodnyuk,f,haritina.zagorodnyuk@gaga.co.uk
78,Mr,Voyislav,Nemchenko,m,voyislav.nemchenko@xyz.com
79,Ms,Allie,Tucker,f,allie.tucker@proton.com
80,Mrs,Madison,Thompson,f,madison.thompson@blobmail.com
82,Ms,Pallavi,Andrade,f,pallavi.andrade@blobmail.com
83,Ms,Kristin,Knight,f,kristin.knight@yippee.com
87,Mrs,Lydia,Brown,f,lydia.brown@quark.co.nz
88,Mr,Shane,Holt,m,shane.holt@blobmail.com
91,Mrs,Iida,Heinonen,f,iida.heinonen@gaga.co.uk
95,Ms,Anunciata,Fernandes,f,anunciata.fernandes@bazooka.com
96,Mr,Aldo,Nazario,m,aldo.nazario@gaga.co.uk
97,Miss,Olivia,Reyes,f,olivia.reyes@blobmail.com
98,Mr,Axel,Kaland,m,axel.kaland@proton.com
99,Mr,Souhail,Kloet,m,souhail.kloet@blobmail.com
100,Ms,Livia,Berger,f,livia.berger@proton.com
101,Mr,Romeu,Peixoto,m,romeu.peixoto@quark.co.nz
103,Miss,Sophie,Lee,f,sophie.lee@blobmail.com
105,Ms,Christy,Alexander,f,christy.alexander@gaga.co.uk
106,Ms,Jihan,Frerichs,f,jihan.frerichs@yippee.com
107,Mrs,Sunniva,Skogli,f,sunniva.skogli@yippee.com
108,Mrs,Chloe,Chu,f,chloe.chu@xyz.com
109,Mr,Aashish,Chatterjee,m,aashish.chatterjee@yippee.com
110,Mr,Tommy,Alvarez,m,tommy.alvarez@proton.com
111,Mr,Carter,Graves,m,carter.graves@blobmail.com
112,Ms,Leah,Jackson,f,leah.jackson@xyz.com
113,Ms,Mitzy,Melgar,f,mitzy.melgar@blobmail.com
117,Miss,Karola,Rummel,f,karola.rummel@yippee.com
118,Miss,Silke,Pedersen,f,silke.pedersen@bazooka.com
119,Mrs,Savannah,Price,f,savannah.price@yippee.com
120,Ms,Claire,Jones,f,claire.jones@gaga.co.uk
121,Mr,Jerrel,Dorssers,m,jerrel.dorssers@yippee.com
122,Miss,Ruby,Harper,f,ruby.harper@xyz.com
123,Mr,Sebastian,Mortensen,m,sebastian.mortensen@proton.com
124,Mr,Brayden,Rogers,m,brayden.rogers@proton.com
125,Mr,Oto,da Cruz,m,oto.dacruz@blobmail.com
127,Mr,Haakon,Ihlen,m,haakon.ihlen@gaga.co.uk
128,Mr,Zachary,Thompson,m,zachary.thompson@proton.com
129,Ms,Minnie,Herrera,f,minnie.herrera@bazooka.com
130,Mr,Milo,Martin,m,milo.martin@xyz.com
131,Mr,Herbert,Craig,m,herbert.craig@quark.co.nz
132,Miss,Laura,Iglesias,f,laura.iglesias@gaga.co.uk
133,Mrs,Signe,Olsen,f,signe.olsen@xyz.com
134,Mr,Dominik,Budniy,m,dominik.budniy@bazooka.com
135,Mr,Julio,Neal,m,julio.neal@xyz.com
138,Mrs,Hatice,Taverne,f,hatice.taverne@bazooka.com
139,Mr,Bobby,Olson,m,bobby.olson@blobmail.com
140,Mrs,Yuhimina,Cholovskiy,f,yuhimina.cholovskiy@xyz.com
141,Miss,Magdalena,Navarro,f,magdalena.navarro@gaga.co.uk
142,Miss,Aria,Anderson,f,aria.anderson@blobmail.com
143,Mrs,Taara,Babu,f,taara.babu@bazooka.com
145,Mr,Helge,Schultes,m,helge.schultes@quark.co.nz
146,Miss,Elisa,Castellanos,f,elisa.castellanos@gaga.co.uk
147,Mrs,Elvia,Mota,f,elvia.mota@proton.com
149,Miss,Andrea,Santos,f,andrea.santos@xyz.com
150,Miss,Irina,Martin,f,irina.martin@blobmail.com
151,Ms,Susana,Vergara,f,susana.vergara@gaga.co.uk
152,Miss,Alba,Serrano,f,alba.serrano@quark.co.nz
154,Mrs,Evelyn,Cook,f,evelyn.cook@blobmail.com
155,Mrs,Maja,Johansen,f,maja.johansen@gaga.co.uk
157,Mr,Travis,Green,m,travis.green@quark.co.nz
159,Mr,Lucas,Jesus,m,lucas.jesus@bazooka.com
160,Ms,Neeti,Dalvi,f,neeti.dalvi@bazooka.com
163,Mr,Mikita,Gavrilko,m,mikita.gavrilko@proton.com
164,Mrs,Sanni,Latvala,f,sanni.latvala@quark.co.nz
168,Ms,Karola,Van Oppen,f,karola.vanoppen@bazooka.com
169,Mr,Jimmy,Simmons,m,jimmy.simmons@blobmail.com
172,Mr,Franciszek,Rasch,m,franciszek.rasch@quark.co.nz
173,Miss,Saloni,Shet,f,saloni.shet@proton.com
175,Mr,Abraham,Preis,m,abraham.preis@blobmail.com
176,Mr,Alfredo,Mitchelle,m,alfredo.mitchelle@gaga.co.uk
177,Mr,Yasin,Bergland,m,yasin.bergland@blobmail.com
178,Mr,Samuel,Smith,m,samuel.smith@yippee.com
180,Mr,Mathis,Jones,m,mathis.jones@blobmail.com
181,Ms,Gloria,Ramos,f,gloria.ramos@bazooka.com
183,Mrs,Enola,Riviere,f,enola.riviere@xyz.com
185,Mr,Marcello,Bonnet,m,marcello.bonnet@proton.com
186,Ms,Pivoniya,Radchuk,f,pivoniya.radchuk@proton.com
188,Mr,Xandro,Garcia,m,xandro.garcia@bazooka.com
190,Ms,Sonia,Campos,f,sonia.campos@quark.co.nz
191,Mr,Bertram,Madsen,m,bertram.madsen@yippee.com
192,Mrs,Fouzia,Seelen,f,fouzia.seelen@proton.com
193,Miss,Tiril,Svanevik,f,tiril.svanevik@blobmail.com
194,Miss,Piper,Smith,f,piper.smith@yippee.com
196,Mrs,Sophia,Lane,f,sophia.lane@xyz.com
197,Mr,Jonathan,Christiansen,m,jonathan.christiansen@xyz.com
198,Mr,Andy,Michel,m,andy.michel@blobmail.com
201,Mr,Felix,Kumar,m,felix.kumar@proton.com
202,Mr,Milton,Owens,m,milton.owens@blobmail.com
203,Miss,Gerda,Moor,f,gerda.moor@proton.com
204,Mrs,Bloem,Senden,f,bloem.senden@xyz.com
205,Mr,Paul,Lee,m,paul.lee@xyz.com
207,Miss,Tilda,Hurlen,f,tilda.hurlen@bazooka.com
208,Miss,Nina,Adam,f,nina.adam@bazooka.com
209,Mr,Evan,Austin,m,evan.austin@blobmail.com
210,Miss,Morgane,Masson,f,morgane.masson@proton.com
211,Mr,Pranay,Rao,m,pranay.rao@yippee.com
212,Mr,Reinier,Slaman,m,reinier.slaman@blobmail.com
213,Mr,Arturo,Puente,m,arturo.puente@yippee.com
214,Miss,Zoe,Mason,f,zoe.mason@quark.co.nz
215,Mr,Harry,Rose,m,harry.rose@quark.co.nz
217,Mr,Ryan,Bates,m,ryan.bates@blobmail.com
218,Mr,Louison,Brunet,m,louison.brunet@proton.com
219,Mr,Warren,Washington,m,warren.washington@gaga.co.uk
221,Mr,Vilho,Hakala,m,vilho.hakala@gaga.co.uk
222,Ms,Victoria,Ma,f,victoria.ma@xyz.com
224,Mrs,Lily,Gauthier,f,lily.gauthier@bazooka.com
226,Mrs,Rosa,Christensen,f,rosa.christensen@quark.co.nz
227,Miss,Umbelina,Barros,f,umbelina.barros@proton.com
228,Mr,Pahal,Rai,m,pahal.rai@gaga.co.uk
229,Ms,Christin,Schell,f,christin.schell@quark.co.nz
230,Mr,Advaith,Rajesh,m,advaith.rajesh@proton.com
231,Mr,Alberto,Garza,m,alberto.garza@bazooka.com
232,Miss,Louane,Carpentier,f,louane.carpentier@gaga.co.uk
234,Mr,Lothar,Weigl,m,lothar.weigl@proton.com
235,Mr,Clinton,Flores,m,clinton.flores@yippee.com
236,Mr,Ron,Collins,m,ron.collins@gaga.co.uk
237,Mr,Alfred,Haga,m,alfred.haga@gaga.co.uk
238,Mr,Otto,Wirta,m,otto.wirta@blobmail.com
239,Mr,Josias,Lamberink,m,josias.lamberink@proton.com
241,Mr,Edward,Wilson,m,edward.wilson@blobmail.com
242,Ms,Ellen,Halonen,f,ellen.halonen@yippee.com
243,Miss,Stacy,Reed,f,stacy.reed@yippee.com
244,Mr,Tyler,Martin,m,tyler.martin@gaga.co.uk
245,Ms,Charlotte,Ramirez,f,charlotte.ramirez@quark.co.nz
246,Mr,Beau,Jackson,m,beau.jackson@gaga.co.uk
247,Mr,Nicolas,Denys,m,nicolas.denys@proton.com
248,Mr,Ben,Freeman,m,ben.freeman@gaga.co.uk
249,Mr,Vishaal,Vluggen,m,vishaal.vluggen@gaga.co.uk
250,Mr,Alfred,Mortensen,m,alfred.mortensen@yippee.com
251,Mr,Norman,Mertens,m,norman.mertens@proton.com
252,Mr,Folker,Burmester,m,folker.burmester@yippee.com
254,Miss,Daisi,Moreira,f,daisi.moreira@quark.co.nz
255,Mr,Eugenio,Angulo,m,eugenio.angulo@xyz.com
257,Mr,Philip,Fletcher,m,philip.fletcher@quark.co.nz
258,Mr,Rudesindo,Moraes,m,rudesindo.moraes@quark.co.nz
259,Ms,Heidi,Rodriguez,f,heidi.rodriguez@blobmail.com
260,Mr,Severin,Robert,m,severin.robert@yippee.com
261,Mr,Julius,Waara,m,julius.waara@proton.com
262,Miss,Pivoniya,Lyashenko,f,pivoniya.lyashenko@blobmail.com
263,Mr,Aldo,Duval,m,aldo.duval@xyz.com
264,Mrs,Irmgard,Quast,f,irmgard.quast@quark.co.nz
265,Ms,Sofia,Smythe,f,sofia.smythe@blobmail.com
266,Mr,Tririg,Iskrickiy,m,tririg.iskrickiy@gaga.co.uk
267,Mrs,Wanda,Phillips,f,wanda.phillips@gaga.co.uk
268,Mr,Landon,Cole,m,landon.cole@gaga.co.uk
270,Ms,Vekla,Medyanik,f,vekla.medyanik@xyz.com
271,Mr,Pilar,Acosta,m,pilar.acosta@bazooka.com
272,Mrs,Sadie,Zhang,f,sadie.zhang@proton.com
273,Miss,Leta,Ellis,f,leta.ellis@yippee.com
274,Mrs,Jocelyne,Gauthier,f,jocelyne.gauthier@quark.co.nz
275,Miss,Marchella,Van Zon,f,marchella.vanzon@gaga.co.uk
276,Mrs,Beth,Roberts,f,beth.roberts@quark.co.nz
277,Mr,Pahal,Anchan,m,pahal.anchan@yippee.com
278,Miss,Kati,Hintz,f,kati.hintz@gaga.co.uk
279,Mr,Edin,Dramstad,m,edin.dramstad@yippee.com
280,Mrs,Buse,Ekici,f,buse.ekici@xyz.com
282,Mrs,Dolores,Herrera,f,dolores.herrera@quark.co.nz
283,Miss,Ilona,Rautio,f,ilona.rautio@blobmail.com
284,Mr,Jamie,Taylor,m,jamie.taylor@bazooka.com
285,Ms,Jasmine,Williams,f,jasmine.williams@quark.co.nz
286,Mrs,Fernanda,Michel,f,fernanda.michel@xyz.com
287,Mr,Elijah,Jensen,m,elijah.jensen@proton.com
288,Mr,Braxton,Johnson,m,braxton.johnson@proton.com
